"ID","Name","LongName","Parent","McCC","CLOC","PDA","PUA","LLOC","LOC"
"L10360","IntegrationTest.java","C:/Users/Michelle/Downloads/SourceMeter-8.1.0-x64-windows/SourceMeter-8.1.0-x64-windows/Java/Demo/femr-master/femr-master/test/functional/IntegrationTest.java","L10359","1","0","0","1","7","19"
"L3196","IItemModelMapper.java","C:/Users/Michelle/Downloads/SourceMeter-8.1.0-x64-windows/SourceMeter-8.1.0-x64-windows/Java/Demo/femr-master/femr-master/app/femr/common/IItemModelMapper.java","L3195","1","0","18","1","58","262"
"L3197","ItemModelMapper.java","C:/Users/Michelle/Downloads/SourceMeter-8.1.0-x64-windows/SourceMeter-8.1.0-x64-windows/Java/Demo/femr-master/femr-master/app/femr/common/ItemModelMapper.java","L3195","81","0","18","1","407","610"
"L4511","DataModelMapper.java","C:/Users/Michelle/Downloads/SourceMeter-8.1.0-x64-windows/SourceMeter-8.1.0-x64-windows/Java/Demo/femr-master/femr-master/app/femr/data/DataModelMapper.java","L4510","51","0","25","1","395","621"
"L4512","IDataModelMapper.java","C:/Users/Michelle/Downloads/SourceMeter-8.1.0-x64-windows/SourceMeter-8.1.0-x64-windows/Java/Demo/femr-master/femr-master/app/femr/data/IDataModelMapper.java","L4510","1","0","24","1","31","289"
"L13563","GuiceJUnitRunner.java","C:/Users/Michelle/Downloads/SourceMeter-8.1.0-x64-windows/SourceMeter-8.1.0-x64-windows/Java/Demo/femr-master/femr-master/test/util/runners/GuiceJUnitRunner.java","L13562","5","0","3","1","52","109"
"L121","LogicDoer.java","C:/Users/Michelle/Downloads/SourceMeter-8.1.0-x64-windows/SourceMeter-8.1.0-x64-windows/Java/Demo/femr-master/femr-master/app/femr/business/helpers/LogicDoer.java","L120","11","0","4","1","64","124"
"L122","QueryHelper.java","C:/Users/Michelle/Downloads/SourceMeter-8.1.0-x64-windows/SourceMeter-8.1.0-x64-windows/Java/Demo/femr-master/femr-master/app/femr/business/helpers/QueryHelper.java","L120","5","0","3","5","91","135"
"L123","QueryProvider.java","C:/Users/Michelle/Downloads/SourceMeter-8.1.0-x64-windows/SourceMeter-8.1.0-x64-windows/Java/Demo/femr-master/femr-master/app/femr/business/helpers/QueryProvider.java","L120","1","0","2","30","104","162"
"L3200","CurrentUser.java","C:/Users/Michelle/Downloads/SourceMeter-8.1.0-x64-windows/SourceMeter-8.1.0-x64-windows/Java/Demo/femr-master/femr-master/app/femr/common/dtos/CurrentUser.java","L3199","1","0","0","9","40","71"
"L3201","ServiceResponse.java","C:/Users/Michelle/Downloads/SourceMeter-8.1.0-x64-windows/SourceMeter-8.1.0-x64-windows/Java/Demo/femr-master/femr-master/app/femr/common/dtos/ServiceResponse.java","L3199","1","0","0","7","27","56"
"L3790","CityItem.java","C:/Users/Michelle/Downloads/SourceMeter-8.1.0-x64-windows/SourceMeter-8.1.0-x64-windows/Java/Demo/femr-master/femr-master/app/femr/common/models/CityItem.java","L3789","1","0","0","5","16","41"
"L3791","MedicationAdministrationItem.java","C:/Users/Michelle/Downloads/SourceMeter-8.1.0-x64-windows/SourceMeter-8.1.0-x64-windows/Java/Demo/femr-master/femr-master/app/femr/common/models/MedicationAdministrationItem.java","L3789","1","0","0","9","30","40"
"L3792","MedicationItem.java","C:/Users/Michelle/Downloads/SourceMeter-8.1.0-x64-windows/SourceMeter-8.1.0-x64-windows/Java/Demo/femr-master/femr-master/app/femr/common/models/MedicationItem.java","L3789","1","0","1","26","96","161"
"L3793","MissionItem.java","C:/Users/Michelle/Downloads/SourceMeter-8.1.0-x64-windows/SourceMeter-8.1.0-x64-windows/Java/Demo/femr-master/femr-master/app/femr/common/models/MissionItem.java","L3789","1","0","1","10","39","75"
"L3794","MissionTripItem.java","C:/Users/Michelle/Downloads/SourceMeter-8.1.0-x64-windows/SourceMeter-8.1.0-x64-windows/Java/Demo/femr-master/femr-master/app/femr/common/models/MissionTripItem.java","L3789","1","0","0","19","67","107"
"L3795","PatientEncounterItem.java","C:/Users/Michelle/Downloads/SourceMeter-8.1.0-x64-windows/SourceMeter-8.1.0-x64-windows/Java/Demo/femr-master/femr-master/app/femr/common/models/PatientEncounterItem.java","L3789","1","0","0","35","113","176"
"L3796","PatientItem.java","C:/Users/Michelle/Downloads/SourceMeter-8.1.0-x64-windows/SourceMeter-8.1.0-x64-windows/Java/Demo/femr-master/femr-master/app/femr/common/models/PatientItem.java","L3789","1","0","0","44","155","224"
"L3797","PhotoItem.java","C:/Users/Michelle/Downloads/SourceMeter-8.1.0-x64-windows/SourceMeter-8.1.0-x64-windows/Java/Demo/femr-master/femr-master/app/femr/common/models/PhotoItem.java","L3789","1","0","0","9","31","59"
"L3798","PrescriptionItem.java","C:/Users/Michelle/Downloads/SourceMeter-8.1.0-x64-windows/SourceMeter-8.1.0-x64-windows/Java/Demo/femr-master/femr-master/app/femr/common/models/PrescriptionItem.java","L3789","3","0","0","33","119","175"
"L3799","ProblemItem.java","C:/Users/Michelle/Downloads/SourceMeter-8.1.0-x64-windows/SourceMeter-8.1.0-x64-windows/Java/Demo/femr-master/femr-master/app/femr/common/models/ProblemItem.java","L3789","1","0","0","3","10","32"
"L3800","ResearchExportItem.java","C:/Users/Michelle/Downloads/SourceMeter-8.1.0-x64-windows/SourceMeter-8.1.0-x64-windows/Java/Demo/femr-master/femr-master/app/femr/common/models/ResearchExportItem.java","L3789","1","0","1","22","83","128"
"L3801","ResearchFilterItem.java","C:/Users/Michelle/Downloads/SourceMeter-8.1.0-x64-windows/SourceMeter-8.1.0-x64-windows/Java/Demo/femr-master/femr-master/app/femr/common/models/ResearchFilterItem.java","L3789","3","0","0","25","76","130"
"L3802","ResearchResultItem.java","C:/Users/Michelle/Downloads/SourceMeter-8.1.0-x64-windows/SourceMeter-8.1.0-x64-windows/Java/Demo/femr-master/femr-master/app/femr/common/models/ResearchResultItem.java","L3789","1","0","0","9","35","82"
"L3803","ResearchResultSetItem.java","C:/Users/Michelle/Downloads/SourceMeter-8.1.0-x64-windows/SourceMeter-8.1.0-x64-windows/Java/Demo/femr-master/femr-master/app/femr/common/models/ResearchResultSetItem.java","L3789","2","0","0","24","91","144"
"L3804","SettingItem.java","C:/Users/Michelle/Downloads/SourceMeter-8.1.0-x64-windows/SourceMeter-8.1.0-x64-windows/Java/Demo/femr-master/femr-master/app/femr/common/models/SettingItem.java","L3789","1","0","0","13","41","75"
"L3805","TabFieldItem.java","C:/Users/Michelle/Downloads/SourceMeter-8.1.0-x64-windows/SourceMeter-8.1.0-x64-windows/Java/Demo/femr-master/femr-master/app/femr/common/models/TabFieldItem.java","L3789","1","0","0","21","69","112"
"L3806","TabItem.java","C:/Users/Michelle/Downloads/SourceMeter-8.1.0-x64-windows/SourceMeter-8.1.0-x64-windows/Java/Demo/femr-master/femr-master/app/femr/common/models/TabItem.java","L3789","4","0","0","14","56","94"
"L3807","TeamItem.java","C:/Users/Michelle/Downloads/SourceMeter-8.1.0-x64-windows/SourceMeter-8.1.0-x64-windows/Java/Demo/femr-master/femr-master/app/femr/common/models/TeamItem.java","L3789","1","0","0","7","24","32"
"L3808","TripItem.java","C:/Users/Michelle/Downloads/SourceMeter-8.1.0-x64-windows/SourceMeter-8.1.0-x64-windows/Java/Demo/femr-master/femr-master/app/femr/common/models/TripItem.java","L3789","1","0","0","11","39","52"
"L3809","UserItem.java","C:/Users/Michelle/Downloads/SourceMeter-8.1.0-x64-windows/SourceMeter-8.1.0-x64-windows/Java/Demo/femr-master/femr-master/app/femr/common/models/UserItem.java","L3789","6","0","2","26","97","154"
"L3810","VitalItem.java","C:/Users/Michelle/Downloads/SourceMeter-8.1.0-x64-windows/SourceMeter-8.1.0-x64-windows/Java/Demo/femr-master/femr-master/app/femr/common/models/VitalItem.java","L3789","1","0","1","4","17","44"
"L4515","IRepository.java","C:/Users/Michelle/Downloads/SourceMeter-8.1.0-x64-windows/SourceMeter-8.1.0-x64-windows/Java/Demo/femr-master/femr-master/app/femr/data/daos/IRepository.java","L4514","1","0","0","11","16","47"
"L4516","Repository.java","C:/Users/Michelle/Downloads/SourceMeter-8.1.0-x64-windows/SourceMeter-8.1.0-x64-windows/Java/Demo/femr-master/femr-master/app/femr/data/daos/Repository.java","L4514","1","0","0","11","51","82"
"L6611","ApplicationController.java","C:/Users/Michelle/Downloads/SourceMeter-8.1.0-x64-windows/SourceMeter-8.1.0-x64-windows/Java/Demo/femr-master/femr-master/app/femr/ui/controllers/ApplicationController.java","L6610","1","0","0","2","8","11"
"L6612","HistoryController.java","C:/Users/Michelle/Downloads/SourceMeter-8.1.0-x64-windows/SourceMeter-8.1.0-x64-windows/Java/Demo/femr-master/femr-master/app/femr/ui/controllers/HistoryController.java","L6610","28","0","4","2","217","351"
"L6613","HomeController.java","C:/Users/Michelle/Downloads/SourceMeter-8.1.0-x64-windows/SourceMeter-8.1.0-x64-windows/Java/Demo/femr-master/femr-master/app/femr/ui/controllers/HomeController.java","L6610","2","0","0","3","22","33"
"L6614","MedicalController.java","C:/Users/Michelle/Downloads/SourceMeter-8.1.0-x64-windows/SourceMeter-8.1.0-x64-windows/Java/Demo/femr-master/femr-master/app/femr/ui/controllers/MedicalController.java","L6610","60","0","2","8","362","558"
"L6615","PDFController.java","C:/Users/Michelle/Downloads/SourceMeter-8.1.0-x64-windows/SourceMeter-8.1.0-x64-windows/Java/Demo/femr-master/femr-master/app/femr/ui/controllers/PDFController.java","L6610","17","0","2","3","383","695"
"L6616","PharmaciesController.java","C:/Users/Michelle/Downloads/SourceMeter-8.1.0-x64-windows/SourceMeter-8.1.0-x64-windows/Java/Demo/femr-master/femr-master/app/femr/ui/controllers/PharmaciesController.java","L6610","31","0","1","5","202","291"
"L6617","PhotoController.java","C:/Users/Michelle/Downloads/SourceMeter-8.1.0-x64-windows/SourceMeter-8.1.0-x64-windows/Java/Demo/femr-master/femr-master/app/femr/ui/controllers/PhotoController.java","L6610","9","0","2","2","54","83"
"L6618","ReferenceController.java","C:/Users/Michelle/Downloads/SourceMeter-8.1.0-x64-windows/SourceMeter-8.1.0-x64-windows/Java/Demo/femr-master/femr-master/app/femr/ui/controllers/ReferenceController.java","L6610","1","0","0","3","22","31"
"L6619","ResearchController.java","C:/Users/Michelle/Downloads/SourceMeter-8.1.0-x64-windows/SourceMeter-8.1.0-x64-windows/Java/Demo/femr-master/femr-master/app/femr/ui/controllers/ResearchController.java","L6610","9","0","3","2","132","219"
"L6620","SearchController.java","C:/Users/Michelle/Downloads/SourceMeter-8.1.0-x64-windows/SourceMeter-8.1.0-x64-windows/Java/Demo/femr-master/femr-master/app/femr/ui/controllers/SearchController.java","L6610","24","0","4","5","140","192"
"L6621","SessionsController.java","C:/Users/Michelle/Downloads/SourceMeter-8.1.0-x64-windows/SourceMeter-8.1.0-x64-windows/Java/Demo/femr-master/femr-master/app/femr/ui/controllers/SessionsController.java","L6610","14","0","0","7","105","131"
"L6622","TriageController.java","C:/Users/Michelle/Downloads/SourceMeter-8.1.0-x64-windows/SourceMeter-8.1.0-x64-windows/Java/Demo/femr-master/femr-master/app/femr/ui/controllers/TriageController.java","L6610","33","0","3","3","225","333"
"L9041","dateUtils.java","C:/Users/Michelle/Downloads/SourceMeter-8.1.0-x64-windows/SourceMeter-8.1.0-x64-windows/Java/Demo/femr-master/femr-master/app/femr/util/calculations/dateUtils.java","L9040","10","0","7","5","102","201"
"L9042","LocaleUnitConverter.java","C:/Users/Michelle/Downloads/SourceMeter-8.1.0-x64-windows/SourceMeter-8.1.0-x64-windows/Java/Demo/femr-master/femr-master/app/femr/util/calculations/LocaleUnitConverter.java","L9040","23","0","19","0","133","323"
"L9169","Pair.java","C:/Users/Michelle/Downloads/SourceMeter-8.1.0-x64-windows/SourceMeter-8.1.0-x64-windows/Java/Demo/femr-master/femr-master/app/femr/util/DataStructure/Pair.java","L9168","1","0","2","4","22","66"
"L9781","BCryptPasswordEncryptor.java","C:/Users/Michelle/Downloads/SourceMeter-8.1.0-x64-windows/SourceMeter-8.1.0-x64-windows/Java/Demo/femr-master/femr-master/app/femr/util/encryptions/BCryptPasswordEncryptor.java","L9780","1","0","0","4","18","41"
"L9782","IPasswordEncryptor.java","C:/Users/Michelle/Downloads/SourceMeter-8.1.0-x64-windows/SourceMeter-8.1.0-x64-windows/Java/Demo/femr-master/femr-master/app/femr/util/encryptions/IPasswordEncryptor.java","L9780","1","0","0","4","6","28"
"L9801","DatabaseSeeder.java","C:/Users/Michelle/Downloads/SourceMeter-8.1.0-x64-windows/SourceMeter-8.1.0-x64-windows/Java/Demo/femr-master/femr-master/app/femr/util/startup/DatabaseSeeder.java","L9800","102","0","0","3","905","1052"
"L9802","Global.java","C:/Users/Michelle/Downloads/SourceMeter-8.1.0-x64-windows/SourceMeter-8.1.0-x64-windows/Java/Demo/femr-master/femr-master/app/femr/util/startup/Global.java","L9800","1","0","1","2","22","72"
"L9803","MedicationDatabaseSeeder.java","C:/Users/Michelle/Downloads/SourceMeter-8.1.0-x64-windows/SourceMeter-8.1.0-x64-windows/Java/Demo/femr-master/femr-master/app/femr/util/startup/MedicationDatabaseSeeder.java","L9800","170","0","0","3","1117","1356"
"L10241","CSVWriterGson.java","C:/Users/Michelle/Downloads/SourceMeter-8.1.0-x64-windows/SourceMeter-8.1.0-x64-windows/Java/Demo/femr-master/femr-master/app/femr/util/stringhelpers/CSVWriterGson.java","L10240","17","0","0","2","73","151"
"L10242","GsonFlattener.java","C:/Users/Michelle/Downloads/SourceMeter-8.1.0-x64-windows/SourceMeter-8.1.0-x64-windows/Java/Demo/femr-master/femr-master/app/femr/util/stringhelpers/GsonFlattener.java","L10240","12","0","0","5","75","163"
"L10243","StringUtils.java","C:/Users/Michelle/Downloads/SourceMeter-8.1.0-x64-windows/SourceMeter-8.1.0-x64-windows/Java/Demo/femr-master/femr-master/app/femr/util/stringhelpers/StringUtils.java","L10240","20","0","12","1","92","219"
"L382","IConceptService.java","C:/Users/Michelle/Downloads/SourceMeter-8.1.0-x64-windows/SourceMeter-8.1.0-x64-windows/Java/Demo/femr-master/femr-master/app/femr/business/services/core/IConceptService.java","L381","1","0","2","1","8","44"
"L383","IConfigureService.java","C:/Users/Michelle/Downloads/SourceMeter-8.1.0-x64-windows/SourceMeter-8.1.0-x64-windows/Java/Demo/femr-master/femr-master/app/femr/business/services/core/IConfigureService.java","L381","1","0","2","1","8","43"
"L384","IEncounterService.java","C:/Users/Michelle/Downloads/SourceMeter-8.1.0-x64-windows/SourceMeter-8.1.0-x64-windows/Java/Demo/femr-master/femr-master/app/femr/business/services/core/IEncounterService.java","L381","1","0","9","1","17","125"
"L385","IInventoryService.java","C:/Users/Michelle/Downloads/SourceMeter-8.1.0-x64-windows/SourceMeter-8.1.0-x64-windows/Java/Demo/femr-master/femr-master/app/femr/business/services/core/IInventoryService.java","L381","1","0","5","0","9","74"
"L386","IMedicationService.java","C:/Users/Michelle/Downloads/SourceMeter-8.1.0-x64-windows/SourceMeter-8.1.0-x64-windows/Java/Demo/femr-master/femr-master/app/femr/business/services/core/IMedicationService.java","L381","1","0","12","0","21","140"
"L387","IMissionTripService.java","C:/Users/Michelle/Downloads/SourceMeter-8.1.0-x64-windows/SourceMeter-8.1.0-x64-windows/Java/Demo/femr-master/femr-master/app/femr/business/services/core/IMissionTripService.java","L381","1","0","11","1","19","127"
"L388","IPatientService.java","C:/Users/Michelle/Downloads/SourceMeter-8.1.0-x64-windows/SourceMeter-8.1.0-x64-windows/Java/Demo/femr-master/femr-master/app/femr/business/services/core/IPatientService.java","L381","1","0","4","1","10","63"
"L389","IPhotoService.java","C:/Users/Michelle/Downloads/SourceMeter-8.1.0-x64-windows/SourceMeter-8.1.0-x64-windows/Java/Demo/femr-master/femr-master/app/femr/business/services/core/IPhotoService.java","L381","1","0","5","1","14","81"
"L390","IResearchService.java","C:/Users/Michelle/Downloads/SourceMeter-8.1.0-x64-windows/SourceMeter-8.1.0-x64-windows/Java/Demo/femr-master/femr-master/app/femr/business/services/core/IResearchService.java","L381","1","0","2","1","10","45"
"L391","IRoleService.java","C:/Users/Michelle/Downloads/SourceMeter-8.1.0-x64-windows/SourceMeter-8.1.0-x64-windows/Java/Demo/femr-master/femr-master/app/femr/business/services/core/IRoleService.java","L381","1","0","1","1","7","36"
"L392","ISearchService.java","C:/Users/Michelle/Downloads/SourceMeter-8.1.0-x64-windows/SourceMeter-8.1.0-x64-windows/Java/Demo/femr-master/femr-master/app/femr/business/services/core/ISearchService.java","L381","1","0","14","1","20","153"
"L393","ISessionService.java","C:/Users/Michelle/Downloads/SourceMeter-8.1.0-x64-windows/SourceMeter-8.1.0-x64-windows/Java/Demo/femr-master/femr-master/app/femr/business/services/core/ISessionService.java","L381","1","0","3","1","8","49"
"L394","ITabService.java","C:/Users/Michelle/Downloads/SourceMeter-8.1.0-x64-windows/SourceMeter-8.1.0-x64-windows/Java/Demo/femr-master/femr-master/app/femr/business/services/core/ITabService.java","L381","1","0","16","1","25","187"
"L395","IUserService.java","C:/Users/Michelle/Downloads/SourceMeter-8.1.0-x64-windows/SourceMeter-8.1.0-x64-windows/Java/Demo/femr-master/femr-master/app/femr/business/services/core/IUserService.java","L381","1","0","11","1","19","129"
"L396","IVitalService.java","C:/Users/Michelle/Downloads/SourceMeter-8.1.0-x64-windows/SourceMeter-8.1.0-x64-windows/Java/Demo/femr-master/femr-master/app/femr/business/services/core/IVitalService.java","L381","1","0","4","1","12","69"
"L1058","ConceptService.java","C:/Users/Michelle/Downloads/SourceMeter-8.1.0-x64-windows/SourceMeter-8.1.0-x64-windows/Java/Demo/femr-master/femr-master/app/femr/business/services/system/ConceptService.java","L1057","4","0","2","2","59","111"
"L1059","ConfigureService.java","C:/Users/Michelle/Downloads/SourceMeter-8.1.0-x64-windows/SourceMeter-8.1.0-x64-windows/Java/Demo/femr-master/femr-master/app/femr/business/services/system/ConfigureService.java","L1057","5","0","2","2","46","83"
"L1060","EncounterService.java","C:/Users/Michelle/Downloads/SourceMeter-8.1.0-x64-windows/SourceMeter-8.1.0-x64-windows/Java/Demo/femr-master/femr-master/app/femr/business/services/system/EncounterService.java","L1057","49","0","9","2","359","539"
"L1061","InventoryService.java","C:/Users/Michelle/Downloads/SourceMeter-8.1.0-x64-windows/SourceMeter-8.1.0-x64-windows/Java/Demo/femr-master/femr-master/app/femr/business/services/system/InventoryService.java","L1057","8","0","4","2","124","200"
"L1062","MedicationService.java","C:/Users/Michelle/Downloads/SourceMeter-8.1.0-x64-windows/SourceMeter-8.1.0-x64-windows/Java/Demo/femr-master/femr-master/app/femr/business/services/system/MedicationService.java","L1057","39","0","9","4","333","556"
"L1063","MissionTripService.java","C:/Users/Michelle/Downloads/SourceMeter-8.1.0-x64-windows/SourceMeter-8.1.0-x64-windows/Java/Demo/femr-master/femr-master/app/femr/business/services/system/MissionTripService.java","L1057","37","0","11","2","289","461"
"L1064","PatientService.java","C:/Users/Michelle/Downloads/SourceMeter-8.1.0-x64-windows/SourceMeter-8.1.0-x64-windows/Java/Demo/femr-master/femr-master/app/femr/business/services/system/PatientService.java","L1057","11","0","4","2","153","223"
"L1065","PhotoService.java","C:/Users/Michelle/Downloads/SourceMeter-8.1.0-x64-windows/SourceMeter-8.1.0-x64-windows/Java/Demo/femr-master/femr-master/app/femr/business/services/system/PhotoService.java","L1057","35","0","5","2","285","404"
"L1066","ResearchService.java","C:/Users/Michelle/Downloads/SourceMeter-8.1.0-x64-windows/SourceMeter-8.1.0-x64-windows/Java/Demo/femr-master/femr-master/app/femr/business/services/system/ResearchService.java","L1057","168","0","1","3","843","1548"
"L1067","RoleService.java","C:/Users/Michelle/Downloads/SourceMeter-8.1.0-x64-windows/SourceMeter-8.1.0-x64-windows/Java/Demo/femr-master/femr-master/app/femr/business/services/system/RoleService.java","L1057","3","0","1","2","36","66"
"L1068","SearchService.java","C:/Users/Michelle/Downloads/SourceMeter-8.1.0-x64-windows/SourceMeter-8.1.0-x64-windows/Java/Demo/femr-master/femr-master/app/femr/business/services/system/SearchService.java","L1057","63","0","14","2","567","809"
"L1069","SessionService.java","C:/Users/Michelle/Downloads/SourceMeter-8.1.0-x64-windows/SourceMeter-8.1.0-x64-windows/Java/Demo/femr-master/femr-master/app/femr/business/services/system/SessionService.java","L1057","9","0","3","2","98","163"
"L1070","TabService.java","C:/Users/Michelle/Downloads/SourceMeter-8.1.0-x64-windows/SourceMeter-8.1.0-x64-windows/Java/Demo/femr-master/femr-master/app/femr/business/services/system/TabService.java","L1057","77","0","16","2","538","744"
"L1071","UserService.java","C:/Users/Michelle/Downloads/SourceMeter-8.1.0-x64-windows/SourceMeter-8.1.0-x64-windows/Java/Demo/femr-master/femr-master/app/femr/business/services/system/UserService.java","L1057","15","0","10","3","210","312"
"L1072","VitalService.java","C:/Users/Michelle/Downloads/SourceMeter-8.1.0-x64-windows/SourceMeter-8.1.0-x64-windows/Java/Demo/femr-master/femr-master/app/femr/business/services/system/VitalService.java","L1057","22","0","4","2","156","230"
"L3179","ISessionHelper.java","C:/Users/Michelle/Downloads/SourceMeter-8.1.0-x64-windows/SourceMeter-8.1.0-x64-windows/Java/Demo/femr-master/femr-master/app/femr/business/wrappers/sessions/ISessionHelper.java","L3178","1","0","0","4","6","26"
"L3180","SessionHelper.java","C:/Users/Michelle/Downloads/SourceMeter-8.1.0-x64-windows/SourceMeter-8.1.0-x64-windows/Java/Demo/femr-master/femr-master/app/femr/business/wrappers/sessions/SessionHelper.java","L3178","2","0","0","4","16","40"
"L4519","IMedicationRepository.java","C:/Users/Michelle/Downloads/SourceMeter-8.1.0-x64-windows/SourceMeter-8.1.0-x64-windows/Java/Demo/femr-master/femr-master/app/femr/data/daos/core/IMedicationRepository.java","L4518","1","0","8","0","12","61"
"L4591","MedicationRepository.java","C:/Users/Michelle/Downloads/SourceMeter-8.1.0-x64-windows/SourceMeter-8.1.0-x64-windows/Java/Demo/femr-master/femr-master/app/femr/data/daos/system/MedicationRepository.java","L4590","13","0","7","2","133","183"
"L5138","IChiefComplaint.java","C:/Users/Michelle/Downloads/SourceMeter-8.1.0-x64-windows/SourceMeter-8.1.0-x64-windows/Java/Demo/femr-master/femr-master/app/femr/data/models/core/IChiefComplaint.java","L5137","1","0","1","7","10","42"
"L5139","IConceptDiagnosis.java","C:/Users/Michelle/Downloads/SourceMeter-8.1.0-x64-windows/SourceMeter-8.1.0-x64-windows/Java/Demo/femr-master/femr-master/app/femr/data/models/core/IConceptDiagnosis.java","L5137","1","0","0","5","7","32"
"L5140","IConceptMedicationForm.java","C:/Users/Michelle/Downloads/SourceMeter-8.1.0-x64-windows/SourceMeter-8.1.0-x64-windows/Java/Demo/femr-master/femr-master/app/femr/data/models/core/IConceptMedicationForm.java","L5137","1","0","1","7","10","42"
"L5141","IConceptMedicationUnit.java","C:/Users/Michelle/Downloads/SourceMeter-8.1.0-x64-windows/SourceMeter-8.1.0-x64-windows/Java/Demo/femr-master/femr-master/app/femr/data/models/core/IConceptMedicationUnit.java","L5137","1","0","1","7","10","41"
"L5142","IConceptPrescriptionAdministration.java","C:/Users/Michelle/Downloads/SourceMeter-8.1.0-x64-windows/SourceMeter-8.1.0-x64-windows/Java/Demo/femr-master/femr-master/app/femr/data/models/core/IConceptPrescriptionAdministration.java","L5137","1","0","1","5","8","38"
"L5143","ILoginAttempt.java","C:/Users/Michelle/Downloads/SourceMeter-8.1.0-x64-windows/SourceMeter-8.1.0-x64-windows/Java/Demo/femr-master/femr-master/app/femr/data/models/core/ILoginAttempt.java","L5137","1","0","0","12","16","47"
"L5144","IMedication.java","C:/Users/Michelle/Downloads/SourceMeter-8.1.0-x64-windows/SourceMeter-8.1.0-x64-windows/Java/Demo/femr-master/femr-master/app/femr/data/models/core/IMedication.java","L5137","1","0","1","11","16","53"
"L5145","IMedicationGeneric.java","C:/Users/Michelle/Downloads/SourceMeter-8.1.0-x64-windows/SourceMeter-8.1.0-x64-windows/Java/Demo/femr-master/femr-master/app/femr/data/models/core/IMedicationGeneric.java","L5137","1","0","1","4","7","34"
"L5146","IMedicationGenericStrength.java","C:/Users/Michelle/Downloads/SourceMeter-8.1.0-x64-windows/SourceMeter-8.1.0-x64-windows/Java/Demo/femr-master/femr-master/app/femr/data/models/core/IMedicationGenericStrength.java","L5137","1","0","1","9","12","45"
"L5147","IMedicationInventory.java","C:/Users/Michelle/Downloads/SourceMeter-8.1.0-x64-windows/SourceMeter-8.1.0-x64-windows/Java/Demo/femr-master/femr-master/app/femr/data/models/core/IMedicationInventory.java","L5137","1","0","1","11","15","32"
"L5148","IMissionCity.java","C:/Users/Michelle/Downloads/SourceMeter-8.1.0-x64-windows/SourceMeter-8.1.0-x64-windows/Java/Demo/femr-master/femr-master/app/femr/data/models/core/IMissionCity.java","L5137","1","0","0","6","8","32"
"L5149","IMissionCountry.java","C:/Users/Michelle/Downloads/SourceMeter-8.1.0-x64-windows/SourceMeter-8.1.0-x64-windows/Java/Demo/femr-master/femr-master/app/femr/data/models/core/IMissionCountry.java","L5137","1","0","0","4","6","28"
"L5150","IMissionTeam.java","C:/Users/Michelle/Downloads/SourceMeter-8.1.0-x64-windows/SourceMeter-8.1.0-x64-windows/Java/Demo/femr-master/femr-master/app/femr/data/models/core/IMissionTeam.java","L5137","1","0","0","10","14","44"
"L5151","IMissionTrip.java","C:/Users/Michelle/Downloads/SourceMeter-8.1.0-x64-windows/SourceMeter-8.1.0-x64-windows/Java/Demo/femr-master/femr-master/app/femr/data/models/core/IMissionTrip.java","L5137","1","0","0","14","18","51"
"L5152","IPatient.java","C:/Users/Michelle/Downloads/SourceMeter-8.1.0-x64-windows/SourceMeter-8.1.0-x64-windows/Java/Demo/femr-master/femr-master/app/femr/data/models/core/IPatient.java","L5137","1","0","0","27","33","83"
"L5153","IPatientAgeClassification.java","C:/Users/Michelle/Downloads/SourceMeter-8.1.0-x64-windows/SourceMeter-8.1.0-x64-windows/Java/Demo/femr-master/femr-master/app/femr/data/models/core/IPatientAgeClassification.java","L5137","1","0","1","9","12","44"
"L5154","IPatientEncounter.java","C:/Users/Michelle/Downloads/SourceMeter-8.1.0-x64-windows/SourceMeter-8.1.0-x64-windows/Java/Demo/femr-master/femr-master/app/femr/data/models/core/IPatientEncounter.java","L5137","1","0","0","28","32","79"
"L5155","IPatientEncounterPhoto.java","C:/Users/Michelle/Downloads/SourceMeter-8.1.0-x64-windows/SourceMeter-8.1.0-x64-windows/Java/Demo/femr-master/femr-master/app/femr/data/models/core/IPatientEncounterPhoto.java","L5137","1","0","0","5","7","30"
"L5156","IPatientEncounterTabField.java","C:/Users/Michelle/Downloads/SourceMeter-8.1.0-x64-windows/SourceMeter-8.1.0-x64-windows/Java/Demo/femr-master/femr-master/app/femr/data/models/core/IPatientEncounterTabField.java","L5137","1","0","1","16","22","61"
"L5157","IPatientEncounterVital.java","C:/Users/Michelle/Downloads/SourceMeter-8.1.0-x64-windows/SourceMeter-8.1.0-x64-windows/Java/Demo/femr-master/femr-master/app/femr/data/models/core/IPatientEncounterVital.java","L5137","1","0","1","11","14","49"
"L5158","IPatientPrescription.java","C:/Users/Michelle/Downloads/SourceMeter-8.1.0-x64-windows/SourceMeter-8.1.0-x64-windows/Java/Demo/femr-master/femr-master/app/femr/data/models/core/IPatientPrescription.java","L5137","1","0","0","22","27","70"
"L5159","IPatientPrescriptionReplacement.java","C:/Users/Michelle/Downloads/SourceMeter-8.1.0-x64-windows/SourceMeter-8.1.0-x64-windows/Java/Demo/femr-master/femr-master/app/femr/data/models/core/IPatientPrescriptionReplacement.java","L5137","1","0","1","7","10","22"
"L5160","IPatientPrescriptionReplacementReason.java","C:/Users/Michelle/Downloads/SourceMeter-8.1.0-x64-windows/SourceMeter-8.1.0-x64-windows/Java/Demo/femr-master/femr-master/app/femr/data/models/core/IPatientPrescriptionReplacementReason.java","L5137","1","0","1","5","8","18"
"L5161","IPhoto.java","C:/Users/Michelle/Downloads/SourceMeter-8.1.0-x64-windows/SourceMeter-8.1.0-x64-windows/Java/Demo/femr-master/femr-master/app/femr/data/models/core/IPhoto.java","L5137","1","0","1","8","12","43"
"L5162","IRole.java","C:/Users/Michelle/Downloads/SourceMeter-8.1.0-x64-windows/SourceMeter-8.1.0-x64-windows/Java/Demo/femr-master/femr-master/app/femr/data/models/core/IRole.java","L5137","1","0","1","4","7","33"
"L5163","ISystemSetting.java","C:/Users/Michelle/Downloads/SourceMeter-8.1.0-x64-windows/SourceMeter-8.1.0-x64-windows/Java/Demo/femr-master/femr-master/app/femr/data/models/core/ISystemSetting.java","L5137","1","0","1","6","9","37"
"L5164","ITab.java","C:/Users/Michelle/Downloads/SourceMeter-8.1.0-x64-windows/SourceMeter-8.1.0-x64-windows/Java/Demo/femr-master/femr-master/app/femr/data/models/core/ITab.java","L5137","1","0","1","18","24","66"
"L5165","ITabField.java","C:/Users/Michelle/Downloads/SourceMeter-8.1.0-x64-windows/SourceMeter-8.1.0-x64-windows/Java/Demo/femr-master/femr-master/app/femr/data/models/core/ITabField.java","L5137","1","0","0","17","19","54"
"L5166","ITabFieldSize.java","C:/Users/Michelle/Downloads/SourceMeter-8.1.0-x64-windows/SourceMeter-8.1.0-x64-windows/Java/Demo/femr-master/femr-master/app/femr/data/models/core/ITabFieldSize.java","L5137","1","0","1","4","7","33"
"L5167","ITabFieldType.java","C:/Users/Michelle/Downloads/SourceMeter-8.1.0-x64-windows/SourceMeter-8.1.0-x64-windows/Java/Demo/femr-master/femr-master/app/femr/data/models/core/ITabFieldType.java","L5137","1","0","1","4","7","33"
"L5168","IUser.java","C:/Users/Michelle/Downloads/SourceMeter-8.1.0-x64-windows/SourceMeter-8.1.0-x64-windows/Java/Demo/femr-master/femr-master/app/femr/data/models/core/IUser.java","L5137","1","0","2","27","33","88"
"L5169","IVital.java","C:/Users/Michelle/Downloads/SourceMeter-8.1.0-x64-windows/SourceMeter-8.1.0-x64-windows/Java/Demo/femr-master/femr-master/app/femr/data/models/core/IVital.java","L5137","1","0","0","11","13","42"
"L5521","ChiefComplaint.java","C:/Users/Michelle/Downloads/SourceMeter-8.1.0-x64-windows/SourceMeter-8.1.0-x64-windows/Java/Demo/femr-master/femr-master/app/femr/data/models/mysql/ChiefComplaint.java","L5520","1","0","0","8","46","75"
"L5522","LoginAttempt.java","C:/Users/Michelle/Downloads/SourceMeter-8.1.0-x64-windows/SourceMeter-8.1.0-x64-windows/Java/Demo/femr-master/femr-master/app/femr/data/models/mysql/LoginAttempt.java","L5520","1","0","0","12","67","100"
"L5523","Medication.java","C:/Users/Michelle/Downloads/SourceMeter-8.1.0-x64-windows/SourceMeter-8.1.0-x64-windows/Java/Demo/femr-master/femr-master/app/femr/data/models/mysql/Medication.java","L5520","1","0","0","12","74","108"
"L5524","MedicationGeneric.java","C:/Users/Michelle/Downloads/SourceMeter-8.1.0-x64-windows/SourceMeter-8.1.0-x64-windows/Java/Demo/femr-master/femr-master/app/femr/data/models/mysql/MedicationGeneric.java","L5520","1","0","0","5","31","57"
"L5525","MedicationGenericStrength.java","C:/Users/Michelle/Downloads/SourceMeter-8.1.0-x64-windows/SourceMeter-8.1.0-x64-windows/Java/Demo/femr-master/femr-master/app/femr/data/models/mysql/MedicationGenericStrength.java","L5520","1","0","0","10","56","87"
"L5526","MedicationInventory.java","C:/Users/Michelle/Downloads/SourceMeter-8.1.0-x64-windows/SourceMeter-8.1.0-x64-windows/Java/Demo/femr-master/femr-master/app/femr/data/models/mysql/MedicationInventory.java","L5520","1","0","0","12","65","86"
"L5527","MissionCity.java","C:/Users/Michelle/Downloads/SourceMeter-8.1.0-x64-windows/SourceMeter-8.1.0-x64-windows/Java/Demo/femr-master/femr-master/app/femr/data/models/mysql/MissionCity.java","L5520","1","0","0","6","36","63"
"L5528","MissionCountry.java","C:/Users/Michelle/Downloads/SourceMeter-8.1.0-x64-windows/SourceMeter-8.1.0-x64-windows/Java/Demo/femr-master/femr-master/app/femr/data/models/mysql/MissionCountry.java","L5520","1","0","0","4","27","52"
"L5529","MissionTeam.java","C:/Users/Michelle/Downloads/SourceMeter-8.1.0-x64-windows/SourceMeter-8.1.0-x64-windows/Java/Demo/femr-master/femr-master/app/femr/data/models/mysql/MissionTeam.java","L5520","1","0","0","10","56","87"
"L5530","MissionTrip.java","C:/Users/Michelle/Downloads/SourceMeter-8.1.0-x64-windows/SourceMeter-8.1.0-x64-windows/Java/Demo/femr-master/femr-master/app/femr/data/models/mysql/MissionTrip.java","L5520","3","0","0","14","89","129"
"L5531","Patient.java","C:/Users/Michelle/Downloads/SourceMeter-8.1.0-x64-windows/SourceMeter-8.1.0-x64-windows/Java/Demo/femr-master/femr-master/app/femr/data/models/mysql/Patient.java","L5520","1","0","0","27","139","191"
"L5532","PatientAgeClassification.java","C:/Users/Michelle/Downloads/SourceMeter-8.1.0-x64-windows/SourceMeter-8.1.0-x64-windows/Java/Demo/femr-master/femr-master/app/femr/data/models/mysql/PatientAgeClassification.java","L5520","1","0","0","10","54","85"
"L5533","PatientEncounter.java","C:/Users/Michelle/Downloads/SourceMeter-8.1.0-x64-windows/SourceMeter-8.1.0-x64-windows/Java/Demo/femr-master/femr-master/app/femr/data/models/mysql/PatientEncounter.java","L5520","3","0","0","28","157","206"
"L5534","PatientEncounterPhoto.java","C:/Users/Michelle/Downloads/SourceMeter-8.1.0-x64-windows/SourceMeter-8.1.0-x64-windows/Java/Demo/femr-master/femr-master/app/femr/data/models/mysql/PatientEncounterPhoto.java","L5520","1","0","0","5","28","55"
"L5535","PatientEncounterTabField.java","C:/Users/Michelle/Downloads/SourceMeter-8.1.0-x64-windows/SourceMeter-8.1.0-x64-windows/Java/Demo/femr-master/femr-master/app/femr/data/models/mysql/PatientEncounterTabField.java","L5520","1","0","0","17","90","128"
"L5536","PatientEncounterVital.java","C:/Users/Michelle/Downloads/SourceMeter-8.1.0-x64-windows/SourceMeter-8.1.0-x64-windows/Java/Demo/femr-master/femr-master/app/femr/data/models/mysql/PatientEncounterVital.java","L5520","1","0","0","12","66","99"
"L5537","PatientPrescription.java","C:/Users/Michelle/Downloads/SourceMeter-8.1.0-x64-windows/SourceMeter-8.1.0-x64-windows/Java/Demo/femr-master/femr-master/app/femr/data/models/mysql/PatientPrescription.java","L5520","1","0","0","22","121","163"
"L5538","PatientPrescriptionReplacement.java","C:/Users/Michelle/Downloads/SourceMeter-8.1.0-x64-windows/SourceMeter-8.1.0-x64-windows/Java/Demo/femr-master/femr-master/app/femr/data/models/mysql/PatientPrescriptionReplacement.java","L5520","1","0","0","8","49","61"
"L5539","PatientPrescriptionReplacementReason.java","C:/Users/Michelle/Downloads/SourceMeter-8.1.0-x64-windows/SourceMeter-8.1.0-x64-windows/Java/Demo/femr-master/femr-master/app/femr/data/models/mysql/PatientPrescriptionReplacementReason.java","L5520","1","0","0","6","37","47"
"L5540","Photo.java","C:/Users/Michelle/Downloads/SourceMeter-8.1.0-x64-windows/SourceMeter-8.1.0-x64-windows/Java/Demo/femr-master/femr-master/app/femr/data/models/mysql/Photo.java","L5520","1","0","0","9","45","75"
"L5541","Role.java","C:/Users/Michelle/Downloads/SourceMeter-8.1.0-x64-windows/SourceMeter-8.1.0-x64-windows/Java/Demo/femr-master/femr-master/app/femr/data/models/mysql/Role.java","L5520","1","0","0","5","31","57"
"L5542","Roles.java","C:/Users/Michelle/Downloads/SourceMeter-8.1.0-x64-windows/SourceMeter-8.1.0-x64-windows/Java/Demo/femr-master/femr-master/app/femr/data/models/mysql/Roles.java","L5520","1","0","0","1","9","29"
"L5543","SystemSetting.java","C:/Users/Michelle/Downloads/SourceMeter-8.1.0-x64-windows/SourceMeter-8.1.0-x64-windows/Java/Demo/femr-master/femr-master/app/femr/data/models/mysql/SystemSetting.java","L5520","1","0","0","7","41","69"
"L5544","Tab.java","C:/Users/Michelle/Downloads/SourceMeter-8.1.0-x64-windows/SourceMeter-8.1.0-x64-windows/Java/Demo/femr-master/femr-master/app/femr/data/models/mysql/Tab.java","L5520","1","0","0","19","100","140"
"L5545","TabField.java","C:/Users/Michelle/Downloads/SourceMeter-8.1.0-x64-windows/SourceMeter-8.1.0-x64-windows/Java/Demo/femr-master/femr-master/app/femr/data/models/mysql/TabField.java","L5520","1","0","0","17","94","132"
"L5546","TabFieldSize.java","C:/Users/Michelle/Downloads/SourceMeter-8.1.0-x64-windows/SourceMeter-8.1.0-x64-windows/Java/Demo/femr-master/femr-master/app/femr/data/models/mysql/TabFieldSize.java","L5520","1","0","0","5","31","57"
"L5547","TabFieldType.java","C:/Users/Michelle/Downloads/SourceMeter-8.1.0-x64-windows/SourceMeter-8.1.0-x64-windows/Java/Demo/femr-master/femr-master/app/femr/data/models/mysql/TabFieldType.java","L5520","1","0","0","5","31","57"
"L5548","User.java","C:/Users/Michelle/Downloads/SourceMeter-8.1.0-x64-windows/SourceMeter-8.1.0-x64-windows/Java/Demo/femr-master/femr-master/app/femr/data/models/mysql/User.java","L5520","2","0","1","28","156","209"
"L5549","Vital.java","C:/Users/Michelle/Downloads/SourceMeter-8.1.0-x64-windows/SourceMeter-8.1.0-x64-windows/Java/Demo/femr-master/femr-master/app/femr/data/models/mysql/Vital.java","L5520","1","0","0","11","58","90"
"L6625","AdminController.java","C:/Users/Michelle/Downloads/SourceMeter-8.1.0-x64-windows/SourceMeter-8.1.0-x64-windows/Java/Demo/femr-master/femr-master/app/femr/ui/controllers/admin/AdminController.java","L6624","1","0","0","3","22","45"
"L6626","ConfigureController.java","C:/Users/Michelle/Downloads/SourceMeter-8.1.0-x64-windows/SourceMeter-8.1.0-x64-windows/Java/Demo/femr-master/femr-master/app/femr/ui/controllers/admin/ConfigureController.java","L6624","4","0","0","4","51","82"
"L6627","InventoryController.java","C:/Users/Michelle/Downloads/SourceMeter-8.1.0-x64-windows/SourceMeter-8.1.0-x64-windows/Java/Demo/femr-master/femr-master/app/femr/ui/controllers/admin/InventoryController.java","L6624","23","0","3","4","166","275"
"L6628","TripController.java","C:/Users/Michelle/Downloads/SourceMeter-8.1.0-x64-windows/SourceMeter-8.1.0-x64-windows/Java/Demo/femr-master/femr-master/app/femr/ui/controllers/admin/TripController.java","L6624","19","0","1","9","183","260"
"L6629","UsersController.java","C:/Users/Michelle/Downloads/SourceMeter-8.1.0-x64-windows/SourceMeter-8.1.0-x64-windows/Java/Demo/femr-master/femr-master/app/femr/ui/controllers/admin/UsersController.java","L6624","23","0","6","2","188","259"
"L6967","FieldHelper.java","C:/Users/Michelle/Downloads/SourceMeter-8.1.0-x64-windows/SourceMeter-8.1.0-x64-windows/Java/Demo/femr-master/femr-master/app/femr/ui/controllers/helpers/FieldHelper.java","L6966","21","0","5","1","101","163"
"L7758","SuperuserController.java","C:/Users/Michelle/Downloads/SourceMeter-8.1.0-x64-windows/SourceMeter-8.1.0-x64-windows/Java/Demo/femr-master/femr-master/app/femr/ui/controllers/superuser/SuperuserController.java","L7757","1","0","0","3","24","49"
"L7759","TabController.java","C:/Users/Michelle/Downloads/SourceMeter-8.1.0-x64-windows/SourceMeter-8.1.0-x64-windows/Java/Demo/femr-master/femr-master/app/femr/ui/controllers/superuser/TabController.java","L7757","24","0","2","4","139","181"
"L7989","AllowedRoles.java","C:/Users/Michelle/Downloads/SourceMeter-8.1.0-x64-windows/SourceMeter-8.1.0-x64-windows/Java/Demo/femr-master/femr-master/app/femr/ui/helpers/security/AllowedRoles.java","L7988","1","0","0","1","12","16"
"L7990","AllowedRolesAction.java","C:/Users/Michelle/Downloads/SourceMeter-8.1.0-x64-windows/SourceMeter-8.1.0-x64-windows/Java/Demo/femr-master/femr-master/app/femr/ui/helpers/security/AllowedRolesAction.java","L7988","5","0","0","3","42","56"
"L7991","FEMRAuthenticated.java","C:/Users/Michelle/Downloads/SourceMeter-8.1.0-x64-windows/SourceMeter-8.1.0-x64-windows/Java/Demo/femr-master/femr-master/app/femr/ui/helpers/security/FEMRAuthenticated.java","L7988","5","0","0","3","32","44"
"L8344","fieldValueViewModel.java","C:/Users/Michelle/Downloads/SourceMeter-8.1.0-x64-windows/SourceMeter-8.1.0-x64-windows/Java/Demo/femr-master/femr-master/app/femr/ui/models/history/fieldValueViewModel.java","L8343","1","0","0","7","24","50"
"L8345","IndexEncounterMedicalViewModel.java","C:/Users/Michelle/Downloads/SourceMeter-8.1.0-x64-windows/SourceMeter-8.1.0-x64-windows/Java/Demo/femr-master/femr-master/app/femr/ui/models/history/IndexEncounterMedicalViewModel.java","L8343","1","0","1","21","82","132"
"L8346","IndexEncounterPharmacyViewModel.java","C:/Users/Michelle/Downloads/SourceMeter-8.1.0-x64-windows/SourceMeter-8.1.0-x64-windows/Java/Demo/femr-master/femr-master/app/femr/ui/models/history/IndexEncounterPharmacyViewModel.java","L8343","1","0","1","4","19","48"
"L8347","IndexEncounterViewModel.java","C:/Users/Michelle/Downloads/SourceMeter-8.1.0-x64-windows/SourceMeter-8.1.0-x64-windows/Java/Demo/femr-master/femr-master/app/femr/ui/models/history/IndexEncounterViewModel.java","L8343","1","0","0","5","18","47"
"L8348","IndexPatientViewModelGet.java","C:/Users/Michelle/Downloads/SourceMeter-8.1.0-x64-windows/SourceMeter-8.1.0-x64-windows/Java/Demo/femr-master/femr-master/app/femr/ui/models/history/IndexPatientViewModelGet.java","L8343","1","0","0","7","27","58"
"L8447","EditViewModelGet.java","C:/Users/Michelle/Downloads/SourceMeter-8.1.0-x64-windows/SourceMeter-8.1.0-x64-windows/Java/Demo/femr-master/femr-master/app/femr/ui/models/medical/EditViewModelGet.java","L8446","3","0","0","20","75","120"
"L8448","EditViewModelPost.java","C:/Users/Michelle/Downloads/SourceMeter-8.1.0-x64-windows/SourceMeter-8.1.0-x64-windows/Java/Demo/femr-master/femr-master/app/femr/ui/models/medical/EditViewModelPost.java","L8446","1","0","0","17","59","100"
"L8449","UpdateVitalsModel.java","C:/Users/Michelle/Downloads/SourceMeter-8.1.0-x64-windows/SourceMeter-8.1.0-x64-windows/Java/Demo/femr-master/femr-master/app/femr/ui/models/medical/UpdateVitalsModel.java","L8446","1","0","0","23","80","122"
"L8579","EditViewModelGet.java","C:/Users/Michelle/Downloads/SourceMeter-8.1.0-x64-windows/SourceMeter-8.1.0-x64-windows/Java/Demo/femr-master/femr-master/app/femr/ui/models/pharmacy/EditViewModelGet.java","L8578","1","0","1","12","43","81"
"L8580","EditViewModelPost.java","C:/Users/Michelle/Downloads/SourceMeter-8.1.0-x64-windows/SourceMeter-8.1.0-x64-windows/Java/Demo/femr-master/femr-master/app/femr/ui/models/pharmacy/EditViewModelPost.java","L8578","1","0","0","5","20","59"
"L8619","FilterViewModel.java","C:/Users/Michelle/Downloads/SourceMeter-8.1.0-x64-windows/SourceMeter-8.1.0-x64-windows/Java/Demo/femr-master/femr-master/app/femr/ui/models/research/FilterViewModel.java","L8618","1","0","1","24","62","156"
"L8773","CreateViewModel.java","C:/Users/Michelle/Downloads/SourceMeter-8.1.0-x64-windows/SourceMeter-8.1.0-x64-windows/Java/Demo/femr-master/femr-master/app/femr/ui/models/sessions/CreateViewModel.java","L8772","1","0","0","9","31","60"
"L8794","ContentViewModelGet.java","C:/Users/Michelle/Downloads/SourceMeter-8.1.0-x64-windows/SourceMeter-8.1.0-x64-windows/Java/Demo/femr-master/femr-master/app/femr/ui/models/superuser/ContentViewModelGet.java","L8793","1","0","0","11","40","73"
"L8795","ContentViewModelPost.java","C:/Users/Michelle/Downloads/SourceMeter-8.1.0-x64-windows/SourceMeter-8.1.0-x64-windows/Java/Demo/femr-master/femr-master/app/femr/ui/models/superuser/ContentViewModelPost.java","L8793","1","0","0","13","45","77"
"L8796","TabsViewModelGet.java","C:/Users/Michelle/Downloads/SourceMeter-8.1.0-x64-windows/SourceMeter-8.1.0-x64-windows/Java/Demo/femr-master/femr-master/app/femr/ui/models/superuser/TabsViewModelGet.java","L8793","1","0","0","5","19","44"
"L8797","TabsViewModelPost.java","C:/Users/Michelle/Downloads/SourceMeter-8.1.0-x64-windows/SourceMeter-8.1.0-x64-windows/Java/Demo/femr-master/femr-master/app/femr/ui/models/superuser/TabsViewModelPost.java","L8793","1","0","0","9","31","59"
"L8870","DeleteViewModelPost.java","C:/Users/Michelle/Downloads/SourceMeter-8.1.0-x64-windows/SourceMeter-8.1.0-x64-windows/Java/Demo/femr-master/femr-master/app/femr/ui/models/triage/DeleteViewModelPost.java","L8869","1","0","1","2","6","12"
"L8871","EditViewModelPost.java","C:/Users/Michelle/Downloads/SourceMeter-8.1.0-x64-windows/SourceMeter-8.1.0-x64-windows/Java/Demo/femr-master/femr-master/app/femr/ui/models/triage/EditViewModelPost.java","L8869","1","0","1","2","9","19"
"L8872","IndexViewModelGet.java","C:/Users/Michelle/Downloads/SourceMeter-8.1.0-x64-windows/SourceMeter-8.1.0-x64-windows/Java/Demo/femr-master/femr-master/app/femr/ui/models/triage/IndexViewModelGet.java","L8869","1","0","1","12","50","94"
"L8873","IndexViewModelPost.java","C:/Users/Michelle/Downloads/SourceMeter-8.1.0-x64-windows/SourceMeter-8.1.0-x64-windows/Java/Demo/femr-master/femr-master/app/femr/ui/models/triage/IndexViewModelPost.java","L8869","1","0","2","44","163","243"
"L9172","AbstractMultiMap.java","C:/Users/Michelle/Downloads/SourceMeter-8.1.0-x64-windows/SourceMeter-8.1.0-x64-windows/Java/Demo/femr-master/femr-master/app/femr/util/DataStructure/Mapping/AbstractMultiMap.java","L9171","5","0","6","1","37","100"
"L9173","TabFieldMultiMap.java","C:/Users/Michelle/Downloads/SourceMeter-8.1.0-x64-windows/SourceMeter-8.1.0-x64-windows/Java/Demo/femr-master/femr-master/app/femr/util/DataStructure/Mapping/TabFieldMultiMap.java","L9171","30","0","9","0","105","241"
"L9174","VitalMultiMap.java","C:/Users/Michelle/Downloads/SourceMeter-8.1.0-x64-windows/SourceMeter-8.1.0-x64-windows/Java/Demo/femr-master/femr-master/app/femr/util/DataStructure/Mapping/VitalMultiMap.java","L9171","3","0","3","0","16","60"
"L9298","BusinessLayerModule.java","C:/Users/Michelle/Downloads/SourceMeter-8.1.0-x64-windows/SourceMeter-8.1.0-x64-windows/Java/Demo/femr-master/femr-master/app/femr/util/dependencyinjection/modules/BusinessLayerModule.java","L9297","1","0","0","1","27","50"
"L9299","DataLayerModule.java","C:/Users/Michelle/Downloads/SourceMeter-8.1.0-x64-windows/SourceMeter-8.1.0-x64-windows/Java/Demo/femr-master/femr-master/app/femr/util/dependencyinjection/modules/DataLayerModule.java","L9297","1","0","0","1","84","114"
"L9300","MapperModule.java","C:/Users/Michelle/Downloads/SourceMeter-8.1.0-x64-windows/SourceMeter-8.1.0-x64-windows/Java/Demo/femr-master/femr-master/app/femr/util/dependencyinjection/modules/MapperModule.java","L9297","1","0","0","1","14","37"
"L9301","UtilitiesModule.java","C:/Users/Michelle/Downloads/SourceMeter-8.1.0-x64-windows/SourceMeter-8.1.0-x64-windows/Java/Demo/femr-master/femr-master/app/femr/util/dependencyinjection/modules/UtilitiesModule.java","L9297","1","0","0","1","10","32"
"L9634","ChiefComplaintProvider.java","C:/Users/Michelle/Downloads/SourceMeter-8.1.0-x64-windows/SourceMeter-8.1.0-x64-windows/Java/Demo/femr-master/femr-master/app/femr/util/dependencyinjection/providers/ChiefComplaintProvider.java","L9633","1","0","0","2","10","32"
"L9635","ConceptDiagnosisProvider.java","C:/Users/Michelle/Downloads/SourceMeter-8.1.0-x64-windows/SourceMeter-8.1.0-x64-windows/Java/Demo/femr-master/femr-master/app/femr/util/dependencyinjection/providers/ConceptDiagnosisProvider.java","L9633","1","0","0","2","10","31"
"L9636","ConceptMedicationFormProvider.java","C:/Users/Michelle/Downloads/SourceMeter-8.1.0-x64-windows/SourceMeter-8.1.0-x64-windows/Java/Demo/femr-master/femr-master/app/femr/util/dependencyinjection/providers/ConceptMedicationFormProvider.java","L9633","1","0","0","2","9","30"
"L9637","ConceptMedicationUnitProvider.java","C:/Users/Michelle/Downloads/SourceMeter-8.1.0-x64-windows/SourceMeter-8.1.0-x64-windows/Java/Demo/femr-master/femr-master/app/femr/util/dependencyinjection/providers/ConceptMedicationUnitProvider.java","L9633","1","0","0","2","9","30"
"L9638","ConceptPrescriptionAdministrationProvider.java","C:/Users/Michelle/Downloads/SourceMeter-8.1.0-x64-windows/SourceMeter-8.1.0-x64-windows/Java/Demo/femr-master/femr-master/app/femr/util/dependencyinjection/providers/ConceptPrescriptionAdministrationProvider.java","L9633","1","0","0","2","10","31"
"L9639","LoginAttemptProvider.java","C:/Users/Michelle/Downloads/SourceMeter-8.1.0-x64-windows/SourceMeter-8.1.0-x64-windows/Java/Demo/femr-master/femr-master/app/femr/util/dependencyinjection/providers/LoginAttemptProvider.java","L9633","1","0","0","2","10","31"
"L9640","MedicationGenericProvider.java","C:/Users/Michelle/Downloads/SourceMeter-8.1.0-x64-windows/SourceMeter-8.1.0-x64-windows/Java/Demo/femr-master/femr-master/app/femr/util/dependencyinjection/providers/MedicationGenericProvider.java","L9633","1","0","0","2","10","31"
"L9641","MedicationGenericStrengthProvider.java","C:/Users/Michelle/Downloads/SourceMeter-8.1.0-x64-windows/SourceMeter-8.1.0-x64-windows/Java/Demo/femr-master/femr-master/app/femr/util/dependencyinjection/providers/MedicationGenericStrengthProvider.java","L9633","1","0","0","2","9","30"
"L9642","MedicationInventoryProvider.java","C:/Users/Michelle/Downloads/SourceMeter-8.1.0-x64-windows/SourceMeter-8.1.0-x64-windows/Java/Demo/femr-master/femr-master/app/femr/util/dependencyinjection/providers/MedicationInventoryProvider.java","L9633","1","0","0","2","9","15"
"L9643","MedicationProvider.java","C:/Users/Michelle/Downloads/SourceMeter-8.1.0-x64-windows/SourceMeter-8.1.0-x64-windows/Java/Demo/femr-master/femr-master/app/femr/util/dependencyinjection/providers/MedicationProvider.java","L9633","1","0","0","2","10","31"
"L9644","MissionCityProvider.java","C:/Users/Michelle/Downloads/SourceMeter-8.1.0-x64-windows/SourceMeter-8.1.0-x64-windows/Java/Demo/femr-master/femr-master/app/femr/util/dependencyinjection/providers/MissionCityProvider.java","L9633","1","0","0","2","10","31"
"L9645","MissionCountryProvider.java","C:/Users/Michelle/Downloads/SourceMeter-8.1.0-x64-windows/SourceMeter-8.1.0-x64-windows/Java/Demo/femr-master/femr-master/app/femr/util/dependencyinjection/providers/MissionCountryProvider.java","L9633","1","0","0","2","10","31"
"L9646","MissionTeamProvider.java","C:/Users/Michelle/Downloads/SourceMeter-8.1.0-x64-windows/SourceMeter-8.1.0-x64-windows/Java/Demo/femr-master/femr-master/app/femr/util/dependencyinjection/providers/MissionTeamProvider.java","L9633","1","0","0","2","10","31"
"L9647","MissionTripProvider.java","C:/Users/Michelle/Downloads/SourceMeter-8.1.0-x64-windows/SourceMeter-8.1.0-x64-windows/Java/Demo/femr-master/femr-master/app/femr/util/dependencyinjection/providers/MissionTripProvider.java","L9633","1","0","0","2","10","31"
"L9648","PatientAgeClassificationProvider.java","C:/Users/Michelle/Downloads/SourceMeter-8.1.0-x64-windows/SourceMeter-8.1.0-x64-windows/Java/Demo/femr-master/femr-master/app/femr/util/dependencyinjection/providers/PatientAgeClassificationProvider.java","L9633","1","0","0","2","10","31"
"L9649","PatientEncounterPhotoProvider.java","C:/Users/Michelle/Downloads/SourceMeter-8.1.0-x64-windows/SourceMeter-8.1.0-x64-windows/Java/Demo/femr-master/femr-master/app/femr/util/dependencyinjection/providers/PatientEncounterPhotoProvider.java","L9633","1","0","1","1","10","35"
"L9650","PatientEncounterProvider.java","C:/Users/Michelle/Downloads/SourceMeter-8.1.0-x64-windows/SourceMeter-8.1.0-x64-windows/Java/Demo/femr-master/femr-master/app/femr/util/dependencyinjection/providers/PatientEncounterProvider.java","L9633","1","0","0","2","10","31"
"L9651","PatientEncounterTabFieldProvider.java","C:/Users/Michelle/Downloads/SourceMeter-8.1.0-x64-windows/SourceMeter-8.1.0-x64-windows/Java/Demo/femr-master/femr-master/app/femr/util/dependencyinjection/providers/PatientEncounterTabFieldProvider.java","L9633","1","0","1","1","10","35"
"L9652","PatientEncounterVitalProvider.java","C:/Users/Michelle/Downloads/SourceMeter-8.1.0-x64-windows/SourceMeter-8.1.0-x64-windows/Java/Demo/femr-master/femr-master/app/femr/util/dependencyinjection/providers/PatientEncounterVitalProvider.java","L9633","1","0","0","2","10","31"
"L9653","PatientPrescriptionProvider.java","C:/Users/Michelle/Downloads/SourceMeter-8.1.0-x64-windows/SourceMeter-8.1.0-x64-windows/Java/Demo/femr-master/femr-master/app/femr/util/dependencyinjection/providers/PatientPrescriptionProvider.java","L9633","1","0","0","2","10","32"
"L9654","PatientPrescriptionReplacementProvider.java","C:/Users/Michelle/Downloads/SourceMeter-8.1.0-x64-windows/SourceMeter-8.1.0-x64-windows/Java/Demo/femr-master/femr-master/app/femr/util/dependencyinjection/providers/PatientPrescriptionReplacementProvider.java","L9633","1","0","0","2","10","13"
"L9655","PatientPrescriptionReplacementReasonProvider.java","C:/Users/Michelle/Downloads/SourceMeter-8.1.0-x64-windows/SourceMeter-8.1.0-x64-windows/Java/Demo/femr-master/femr-master/app/femr/util/dependencyinjection/providers/PatientPrescriptionReplacementReasonProvider.java","L9633","1","0","0","2","10","13"
"L9656","PatientProvider.java","C:/Users/Michelle/Downloads/SourceMeter-8.1.0-x64-windows/SourceMeter-8.1.0-x64-windows/Java/Demo/femr-master/femr-master/app/femr/util/dependencyinjection/providers/PatientProvider.java","L9633","1","0","0","2","10","31"
"L9657","PhotoProvider.java","C:/Users/Michelle/Downloads/SourceMeter-8.1.0-x64-windows/SourceMeter-8.1.0-x64-windows/Java/Demo/femr-master/femr-master/app/femr/util/dependencyinjection/providers/PhotoProvider.java","L9633","1","0","1","1","10","35"
"L9658","ResearchEncounterProvider.java","C:/Users/Michelle/Downloads/SourceMeter-8.1.0-x64-windows/SourceMeter-8.1.0-x64-windows/Java/Demo/femr-master/femr-master/app/femr/util/dependencyinjection/providers/ResearchEncounterProvider.java","L9633","1","0","0","2","10","31"
"L9659","ResearchEncounterVitalProvider.java","C:/Users/Michelle/Downloads/SourceMeter-8.1.0-x64-windows/SourceMeter-8.1.0-x64-windows/Java/Demo/femr-master/femr-master/app/femr/util/dependencyinjection/providers/ResearchEncounterVitalProvider.java","L9633","1","0","0","2","10","31"
"L9660","RoleProvider.java","C:/Users/Michelle/Downloads/SourceMeter-8.1.0-x64-windows/SourceMeter-8.1.0-x64-windows/Java/Demo/femr-master/femr-master/app/femr/util/dependencyinjection/providers/RoleProvider.java","L9633","1","0","0","2","10","31"
"L9661","SystemSettingProvider.java","C:/Users/Michelle/Downloads/SourceMeter-8.1.0-x64-windows/SourceMeter-8.1.0-x64-windows/Java/Demo/femr-master/femr-master/app/femr/util/dependencyinjection/providers/SystemSettingProvider.java","L9633","1","0","0","2","10","30"
"L9662","TabFieldProvider.java","C:/Users/Michelle/Downloads/SourceMeter-8.1.0-x64-windows/SourceMeter-8.1.0-x64-windows/Java/Demo/femr-master/femr-master/app/femr/util/dependencyinjection/providers/TabFieldProvider.java","L9633","1","0","1","1","10","35"
"L9663","TabFieldSizeProvider.java","C:/Users/Michelle/Downloads/SourceMeter-8.1.0-x64-windows/SourceMeter-8.1.0-x64-windows/Java/Demo/femr-master/femr-master/app/femr/util/dependencyinjection/providers/TabFieldSizeProvider.java","L9633","1","0","0","2","10","31"
"L9664","TabFieldTypeProvider.java","C:/Users/Michelle/Downloads/SourceMeter-8.1.0-x64-windows/SourceMeter-8.1.0-x64-windows/Java/Demo/femr-master/femr-master/app/femr/util/dependencyinjection/providers/TabFieldTypeProvider.java","L9633","1","0","1","1","10","35"
"L9665","TabProvider.java","C:/Users/Michelle/Downloads/SourceMeter-8.1.0-x64-windows/SourceMeter-8.1.0-x64-windows/Java/Demo/femr-master/femr-master/app/femr/util/dependencyinjection/providers/TabProvider.java","L9633","1","0","1","1","10","35"
"L9666","UserProvider.java","C:/Users/Michelle/Downloads/SourceMeter-8.1.0-x64-windows/SourceMeter-8.1.0-x64-windows/Java/Demo/femr-master/femr-master/app/femr/util/dependencyinjection/providers/UserProvider.java","L9633","1","0","0","2","10","31"
"L9667","VitalProvider.java","C:/Users/Michelle/Downloads/SourceMeter-8.1.0-x64-windows/SourceMeter-8.1.0-x64-windows/Java/Demo/femr-master/femr-master/app/femr/util/dependencyinjection/providers/VitalProvider.java","L9633","1","0","0","2","10","31"
"L5466","IResearchEncounter.java","C:/Users/Michelle/Downloads/SourceMeter-8.1.0-x64-windows/SourceMeter-8.1.0-x64-windows/Java/Demo/femr-master/femr-master/app/femr/data/models/core/research/IResearchEncounter.java","L5465","1","0","0","26","34","80"
"L5467","IResearchEncounterVital.java","C:/Users/Michelle/Downloads/SourceMeter-8.1.0-x64-windows/SourceMeter-8.1.0-x64-windows/Java/Demo/femr-master/femr-master/app/femr/data/models/core/research/IResearchEncounterVital.java","L5465","1","0","0","14","19","53"
"L5570","ConceptDiagnosis.java","C:/Users/Michelle/Downloads/SourceMeter-8.1.0-x64-windows/SourceMeter-8.1.0-x64-windows/Java/Demo/femr-master/femr-master/app/femr/data/models/mysql/concepts/ConceptDiagnosis.java","L5569","1","0","0","5","28","55"
"L5571","ConceptMedication.java","C:/Users/Michelle/Downloads/SourceMeter-8.1.0-x64-windows/SourceMeter-8.1.0-x64-windows/Java/Demo/femr-master/femr-master/app/femr/data/models/mysql/concepts/ConceptMedication.java","L5569","1","0","0","12","71","108"
"L5572","ConceptMedicationForm.java","C:/Users/Michelle/Downloads/SourceMeter-8.1.0-x64-windows/SourceMeter-8.1.0-x64-windows/Java/Demo/femr-master/femr-master/app/femr/data/models/mysql/concepts/ConceptMedicationForm.java","L5569","1","0","1","7","47","77"
"L5573","ConceptMedicationGeneric.java","C:/Users/Michelle/Downloads/SourceMeter-8.1.0-x64-windows/SourceMeter-8.1.0-x64-windows/Java/Demo/femr-master/femr-master/app/femr/data/models/mysql/concepts/ConceptMedicationGeneric.java","L5569","1","0","0","5","31","56"
"L5574","ConceptMedicationGenericStrength.java","C:/Users/Michelle/Downloads/SourceMeter-8.1.0-x64-windows/SourceMeter-8.1.0-x64-windows/Java/Demo/femr-master/femr-master/app/femr/data/models/mysql/concepts/ConceptMedicationGenericStrength.java","L5569","1","0","0","10","58","89"
"L5575","ConceptMedicationUnit.java","C:/Users/Michelle/Downloads/SourceMeter-8.1.0-x64-windows/SourceMeter-8.1.0-x64-windows/Java/Demo/femr-master/femr-master/app/femr/data/models/mysql/concepts/ConceptMedicationUnit.java","L5569","1","0","0","8","47","76"
"L5576","ConceptPrescriptionAdministration.java","C:/Users/Michelle/Downloads/SourceMeter-8.1.0-x64-windows/SourceMeter-8.1.0-x64-windows/Java/Demo/femr-master/femr-master/app/femr/data/models/mysql/concepts/ConceptPrescriptionAdministration.java","L5569","1","0","0","6","33","60"
"L6265","ResearchEncounter.java","C:/Users/Michelle/Downloads/SourceMeter-8.1.0-x64-windows/SourceMeter-8.1.0-x64-windows/Java/Demo/femr-master/femr-master/app/femr/data/models/mysql/research/ResearchEncounter.java","L6264","3","0","0","26","157","220"
"L6266","ResearchEncounterVital.java","C:/Users/Michelle/Downloads/SourceMeter-8.1.0-x64-windows/SourceMeter-8.1.0-x64-windows/Java/Demo/femr-master/femr-master/app/femr/data/models/mysql/research/ResearchEncounterVital.java","L6264","1","0","0","14","79","119"
"L8045","IndexViewModelGet.java","C:/Users/Michelle/Downloads/SourceMeter-8.1.0-x64-windows/SourceMeter-8.1.0-x64-windows/Java/Demo/femr-master/femr-master/app/femr/ui/models/admin/configure/IndexViewModelGet.java","L8044","1","0","0","5","18","25"
"L8046","IndexViewModelPost.java","C:/Users/Michelle/Downloads/SourceMeter-8.1.0-x64-windows/SourceMeter-8.1.0-x64-windows/Java/Demo/femr-master/femr-master/app/femr/ui/models/admin/configure/IndexViewModelPost.java","L8044","1","0","0","3","11","16"
"L8067","InventoryViewModelGet.java","C:/Users/Michelle/Downloads/SourceMeter-8.1.0-x64-windows/SourceMeter-8.1.0-x64-windows/Java/Demo/femr-master/femr-master/app/femr/ui/models/admin/inventory/InventoryViewModelGet.java","L8066","1","0","0","11","41","75"
"L8068","InventoryViewModelPost.java","C:/Users/Michelle/Downloads/SourceMeter-8.1.0-x64-windows/SourceMeter-8.1.0-x64-windows/Java/Demo/femr-master/femr-master/app/femr/ui/models/admin/inventory/InventoryViewModelPost.java","L8066","6","0","0","16","67","127"
"L8127","EditViewModelGet.java","C:/Users/Michelle/Downloads/SourceMeter-8.1.0-x64-windows/SourceMeter-8.1.0-x64-windows/Java/Demo/femr-master/femr-master/app/femr/ui/models/admin/trips/EditViewModelGet.java","L8126","1","0","0","9","34","47"
"L8128","EditViewModelPost.java","C:/Users/Michelle/Downloads/SourceMeter-8.1.0-x64-windows/SourceMeter-8.1.0-x64-windows/Java/Demo/femr-master/femr-master/app/femr/ui/models/admin/trips/EditViewModelPost.java","L8126","1","0","0","5","18","26"
"L8129","TripViewModelGet.java","C:/Users/Michelle/Downloads/SourceMeter-8.1.0-x64-windows/SourceMeter-8.1.0-x64-windows/Java/Demo/femr-master/femr-master/app/femr/ui/models/admin/trips/TripViewModelGet.java","L8126","1","0","0","9","34","65"
"L8130","TripViewModelPost.java","C:/Users/Michelle/Downloads/SourceMeter-8.1.0-x64-windows/SourceMeter-8.1.0-x64-windows/Java/Demo/femr-master/femr-master/app/femr/ui/models/admin/trips/TripViewModelPost.java","L8126","1","0","0","23","81","130"
"L8222","CreateViewModel.java","C:/Users/Michelle/Downloads/SourceMeter-8.1.0-x64-windows/SourceMeter-8.1.0-x64-windows/Java/Demo/femr-master/femr-master/app/femr/ui/models/admin/users/CreateViewModel.java","L8221","8","0","0","30","112","165"
"L8223","EditViewModel.java","C:/Users/Michelle/Downloads/SourceMeter-8.1.0-x64-windows/SourceMeter-8.1.0-x64-windows/Java/Demo/femr-master/femr-master/app/femr/ui/models/admin/users/EditViewModel.java","L8221","12","0","0","22","102","145"
"L8224","IndexViewModelGet.java","C:/Users/Michelle/Downloads/SourceMeter-8.1.0-x64-windows/SourceMeter-8.1.0-x64-windows/Java/Demo/femr-master/femr-master/app/femr/ui/models/admin/users/IndexViewModelGet.java","L8221","1","0","0","4","15","39"
"L8225","ManageViewModelGet.java","C:/Users/Michelle/Downloads/SourceMeter-8.1.0-x64-windows/SourceMeter-8.1.0-x64-windows/Java/Demo/femr-master/femr-master/app/femr/ui/models/admin/users/ManageViewModelGet.java","L8221","1","0","0","4","15","21"
"L8670","ResearchGraphDataModel.java","C:/Users/Michelle/Downloads/SourceMeter-8.1.0-x64-windows/SourceMeter-8.1.0-x64-windows/Java/Demo/femr-master/femr-master/app/femr/ui/models/research/json/ResearchGraphDataModel.java","L8669","1","0","1","24","77","124"
"L8671","ResearchItemModel.java","C:/Users/Michelle/Downloads/SourceMeter-8.1.0-x64-windows/SourceMeter-8.1.0-x64-windows/Java/Demo/femr-master/femr-master/app/femr/ui/models/research/json/ResearchItemModel.java","L8669","2","0","0","9","41","79"
"L8740","CitySearch.java","C:/Users/Michelle/Downloads/SourceMeter-8.1.0-x64-windows/SourceMeter-8.1.0-x64-windows/Java/Demo/femr-master/femr-master/app/femr/ui/models/search/json/CitySearch.java","L8739","1","0","1","3","13","21"
"L8741","PatientSearch.java","C:/Users/Michelle/Downloads/SourceMeter-8.1.0-x64-windows/SourceMeter-8.1.0-x64-windows/Java/Demo/femr-master/femr-master/app/femr/ui/models/search/json/PatientSearch.java","L8739","1","0","0","6","23","29"
"L9026","AuthenticatedPartialHelper.java","C:/Users/Michelle/Downloads/SourceMeter-8.1.0-x64-windows/SourceMeter-8.1.0-x64-windows/Java/Demo/femr-master/femr-master/app/femr/ui/views/partials/helpers/AuthenticatedPartialHelper.java","L9025","11","0","0","5","38","51"
"L10376","MockDataModelMapper.java","C:/Users/Michelle/Downloads/SourceMeter-8.1.0-x64-windows/SourceMeter-8.1.0-x64-windows/Java/Demo/femr-master/femr-master/test/mock/femr/data/MockDataModelMapper.java","L10375","1","0","0","0","0","525"
"L13397","TestBusinessLayerModule.java","C:/Users/Michelle/Downloads/SourceMeter-8.1.0-x64-windows/SourceMeter-8.1.0-x64-windows/Java/Demo/femr-master/femr-master/test/util/dependencyinjection/modules/TestBusinessLayerModule.java","L13396","1","0","0","1","26","49"
"L13398","TestDataLayerModule.java","C:/Users/Michelle/Downloads/SourceMeter-8.1.0-x64-windows/SourceMeter-8.1.0-x64-windows/Java/Demo/femr-master/femr-master/test/util/dependencyinjection/modules/TestDataLayerModule.java","L13396","1","0","0","1","73","107"
"L13399","TestUtilitiesModule.java","C:/Users/Michelle/Downloads/SourceMeter-8.1.0-x64-windows/SourceMeter-8.1.0-x64-windows/Java/Demo/femr-master/femr-master/test/util/dependencyinjection/modules/TestUtilitiesModule.java","L13396","1","0","0","1","10","32"
"L10368","MockResearchService.java","C:/Users/Michelle/Downloads/SourceMeter-8.1.0-x64-windows/SourceMeter-8.1.0-x64-windows/Java/Demo/femr-master/femr-master/test/mock/femr/business/services/MockResearchService.java","L10367","1","0","0","0","0","36"
"L10369","MockSessionsService.java","C:/Users/Michelle/Downloads/SourceMeter-8.1.0-x64-windows/SourceMeter-8.1.0-x64-windows/Java/Demo/femr-master/femr-master/test/mock/femr/business/services/MockSessionsService.java","L10367","1","0","0","0","0","24"
"L10370","MockTriageService.java","C:/Users/Michelle/Downloads/SourceMeter-8.1.0-x64-windows/SourceMeter-8.1.0-x64-windows/Java/Demo/femr-master/femr-master/test/mock/femr/business/services/MockTriageService.java","L10367","1","0","0","0","0","49"
"L10371","MockUserService.java","C:/Users/Michelle/Downloads/SourceMeter-8.1.0-x64-windows/SourceMeter-8.1.0-x64-windows/Java/Demo/femr-master/femr-master/test/mock/femr/business/services/MockUserService.java","L10367","1","0","0","0","0","180"
"L10378","MockPatient.java","C:/Users/Michelle/Downloads/SourceMeter-8.1.0-x64-windows/SourceMeter-8.1.0-x64-windows/Java/Demo/femr-master/femr-master/test/mock/femr/data/models/MockPatient.java","L10377","1","0","0","0","0","112"
"L10379","MockPatientEncounter.java","C:/Users/Michelle/Downloads/SourceMeter-8.1.0-x64-windows/SourceMeter-8.1.0-x64-windows/Java/Demo/femr-master/femr-master/test/mock/femr/data/models/MockPatientEncounter.java","L10377","1","0","0","0","0","136"
"L10380","MockPatientEncounterVital.java","C:/Users/Michelle/Downloads/SourceMeter-8.1.0-x64-windows/SourceMeter-8.1.0-x64-windows/Java/Demo/femr-master/femr-master/test/mock/femr/data/models/MockPatientEncounterVital.java","L10377","1","0","0","0","0","71"
"L10381","MockPatientPrescription.java","C:/Users/Michelle/Downloads/SourceMeter-8.1.0-x64-windows/SourceMeter-8.1.0-x64-windows/Java/Demo/femr-master/femr-master/test/mock/femr/data/models/MockPatientPrescription.java","L10377","1","0","0","0","0","104"
"L10382","MockUser.java","C:/Users/Michelle/Downloads/SourceMeter-8.1.0-x64-windows/SourceMeter-8.1.0-x64-windows/Java/Demo/femr-master/femr-master/test/mock/femr/data/models/MockUser.java","L10377","1","0","0","0","0","126"
"L13330","MockRepository.java","C:/Users/Michelle/Downloads/SourceMeter-8.1.0-x64-windows/SourceMeter-8.1.0-x64-windows/Java/Demo/femr-master/femr-master/test/mock/femr/data/daos/MockRepository.java","L13329","1","0","0","11","58","83"
"L13372","MockPasswordEncryptor.java","C:/Users/Michelle/Downloads/SourceMeter-8.1.0-x64-windows/SourceMeter-8.1.0-x64-windows/Java/Demo/femr-master/femr-master/test/mock/femr/util/encryptions/MockPasswordEncryptor.java","L13371","1","0","0","4","23","30"
"L10374","MockSessionHelper.java","C:/Users/Michelle/Downloads/SourceMeter-8.1.0-x64-windows/SourceMeter-8.1.0-x64-windows/Java/Demo/femr-master/femr-master/test/mock/femr/business/wrappers/sessions/MockSessionHelper.java","L10373","1","0","0","0","0","32"
"L10388","MedicalServiceTest.java","C:/Users/Michelle/Downloads/SourceMeter-8.1.0-x64-windows/SourceMeter-8.1.0-x64-windows/Java/Demo/femr-master/femr-master/test/unit/app/femr/business/services/MedicalServiceTest.java","L10387","1","0","0","0","0","269"
"L10389","PatientServiceTest.java","C:/Users/Michelle/Downloads/SourceMeter-8.1.0-x64-windows/SourceMeter-8.1.0-x64-windows/Java/Demo/femr-master/femr-master/test/unit/app/femr/business/services/PatientServiceTest.java","L10387","1","0","0","0","0","206"
"L10390","PharmacyServiceTest.java","C:/Users/Michelle/Downloads/SourceMeter-8.1.0-x64-windows/SourceMeter-8.1.0-x64-windows/Java/Demo/femr-master/femr-master/test/unit/app/femr/business/services/PharmacyServiceTest.java","L10387","1","0","0","0","0","85"
"L10391","ResearchServiceTest.java","C:/Users/Michelle/Downloads/SourceMeter-8.1.0-x64-windows/SourceMeter-8.1.0-x64-windows/Java/Demo/femr-master/femr-master/test/unit/app/femr/business/services/ResearchServiceTest.java","L10387","1","0","0","0","0","115"
"L10392","SessionServiceTest.java","C:/Users/Michelle/Downloads/SourceMeter-8.1.0-x64-windows/SourceMeter-8.1.0-x64-windows/Java/Demo/femr-master/femr-master/test/unit/app/femr/business/services/SessionServiceTest.java","L10387","1","0","0","0","0","174"
"L10393","TriageServiceTest.java","C:/Users/Michelle/Downloads/SourceMeter-8.1.0-x64-windows/SourceMeter-8.1.0-x64-windows/Java/Demo/femr-master/femr-master/test/unit/app/femr/business/services/TriageServiceTest.java","L10387","1","0","0","0","0","216"
"L10396","HomeControllerTest.java","C:/Users/Michelle/Downloads/SourceMeter-8.1.0-x64-windows/SourceMeter-8.1.0-x64-windows/Java/Demo/femr-master/femr-master/test/unit/app/femr/ui/controllers/HomeControllerTest.java","L10395","1","0","0","0","0","65"
"L10397","ResearchControllerTest.java","C:/Users/Michelle/Downloads/SourceMeter-8.1.0-x64-windows/SourceMeter-8.1.0-x64-windows/Java/Demo/femr-master/femr-master/test/unit/app/femr/ui/controllers/ResearchControllerTest.java","L10395","1","0","0","0","0","70"
"L10398","SessionsControllerTest.java","C:/Users/Michelle/Downloads/SourceMeter-8.1.0-x64-windows/SourceMeter-8.1.0-x64-windows/Java/Demo/femr-master/femr-master/test/unit/app/femr/ui/controllers/SessionsControllerTest.java","L10395","1","0","0","0","0","67"
"L10401","IndexTest.java","C:/Users/Michelle/Downloads/SourceMeter-8.1.0-x64-windows/SourceMeter-8.1.0-x64-windows/Java/Demo/femr-master/femr-master/test/unit/app/femr/ui/views/home/IndexTest.java","L10400","1","0","0","0","0","29"
"L10402","ResearchIndexTest.java","C:/Users/Michelle/Downloads/SourceMeter-8.1.0-x64-windows/SourceMeter-8.1.0-x64-windows/Java/Demo/femr-master/femr-master/test/unit/app/femr/ui/views/home/ResearchIndexTest.java","L10400","1","0","0","0","0","300"
